order_id,first_name,last_name,email,address
1,Mark,White,mark@gmail.com,California
2,Bob,Gray,bob@gmail.com,Florida
3,Steve,Bright,steve@gmail.com,Washington
4,Josh,Melon,josh@gmail.com, London
5,Lily,Smith,lily@gmail.com,Manchester
6,Nick,Miller,nick@gmail.com, Leeds